,Train,Test
neg_mae,1615876.3988840661,1995299.380657121
neg_rmse,2885800.0568940705,4011777.9039957547
