,Train,Test
neg_mae,4125961.1437854827,5220530.063478707
neg_rmse,7676420.010532316,9373015.433583107
