,Train,Test
neg_mae,1054607.6663178762,2259986.7464187597
neg_rmse,2016206.434872888,4506989.357047971
