device,temperature,humidity
AA180168,50.0,99.50376982460472
AA180277,45.79888641853318,99.90128111962012
